[
  {
    "id": 1,
    "save_date": "2024-09-16",
    "payment_date": "2024-08-01",
    "payer": "2",
    "shop": "Biedronka",
    "transaction_type": "expense",
    "items": [
      {
        "id": 1,
        "save_date": "2024-09-16",
        "category": "food_drinks",
        "value": "9.98",
        "description": "Ryż Basmati",
        "quantity": "3",
        "owner": "99"
      },
      {
        "id": 2,
        "save_date": "2024-09-16",
        "category": "food_drinks",
        "value": "1.79",
        "description": "Sól",
        "quantity": "1",
        "owner": "99"
      },
      {
        "id": 3,
        "save_date": "2024-09-16",
        "category": "food_drinks",
        "value": "19.99",
        "description": "Kawa mielona",
        "quantity": "1",
        "owner": "1"
      },
      {
        "id": 4,
        "save_date": "2024-09-16",
        "category": "chemistry",
        "value": "3.19",
        "description": "Patyczki do uszu",
        "quantity": "1",
        "owner": "2"
      },
      {
        "id": 5,
        "save_date": "2024-09-16",
        "category": "chemistry",
        "value": "9.99",
        "description": "Kostki do kibla agent max",
        "quantity": "1",
        "owner": "99"
      },
      {
        "id": 6,
        "save_date": "2024-09-16",
        "category": "chemistry",
        "value": "4.99",
        "description": "Płyn do szyb",
        "quantity": "1",
        "owner": "99"
      },
      {
        "id": 7,
        "save_date": "2024-09-16",
        "category": "food_drinks",
        "value": "5.59",
        "description": "Sos słodko kwaśny",
        "quantity": "1",
        "owner": "99"
      },
      {
        "id": 8,
        "save_date": "2024-09-16",
        "category": "food_drinks",
        "value": "7.99",
        "description": "Syrop do herbaty",
        "quantity": "1",
        "owner": "1"
      },
      {
        "id": 9,
        "save_date": "2024-09-16",
        "category": "food_drinks",
        "value": "18.18",
        "description": "Parówki tarczyński",
        "quantity": "4",
        "owner": "99"
      },
      {
        "id": 10,
        "save_date": "2024-09-16",
        "category": "food_drinks",
        "value": "15.96",
        "description": "Mleko 3,2%",
        "quantity": "4",
        "owner": "99"
      },
      {
        "id": 11,
        "save_date": "2024-09-16",
        "category": "food_drinks",
        "value": "2.99",
        "description": "Makaron karjanka",
        "quantity": "1",
        "owner": "99"
      },
      {
        "id": 12,
        "save_date": "2024-09-16",
        "category": "food_drinks",
        "value": "4.69",
        "description": "Hummus",
        "quantity": "1",
        "owner": "99"
      },
      {
        "id": 13,
        "save_date": "2024-09-16",
        "category": "food_drinks",
        "value": "4.85",
        "description": "Serek biały kanapkowy",
        "quantity": "1",
        "owner": "99"
      },
      {
        "id": 14,
        "save_date": "2024-09-16",
        "category": "food_drinks",
        "value": "3.59",
        "description": "Pieprz",
        "quantity": "1",
        "owner": "99"
      },
      {
        "id": 15,
        "save_date": "2024-09-16",
        "category": "food_drinks",
        "value": "4.99",
        "description": "Sałata lodowa",
        "quantity": "1",
        "owner": "99"
      },
      {
        "id": 16,
        "save_date": "2024-09-16",
        "category": "food_drinks",
        "value": "6.74",
        "description": "Ziemniaki",
        "quantity": "1",
        "owner": "99"
      },
      {
        "id": 17,
        "save_date": "2024-09-16",
        "category": "food_drinks",
        "value": "5.97",
        "description": "Bepower soft",
        "quantity": "3",
        "owner": "1"
      }
    ]
  },
  {
    "id": 2,
    "save_date": "2024-09-16",
    "payment_date": "2024-08-01",
    "payer": "1",
    "shop": "Lewiatan",
    "transaction_type": "expense",
    "items": [
      {
        "id": 18,
        "save_date": "2024-09-16",
        "category": "food_drinks",
        "value": "32.24",
        "description": "Ryż i sos i kurczak na obiad",
        "quantity": "1",
        "owner": "99"
      }
    ]
  },
  {
    "id": 3,
    "save_date": "2024-09-16",
    "payment_date": "2024-08-01",
    "payer": "2",
    "shop": "Tedi",
    "transaction_type": "expense",
    "items": [
      {
        "id": 19,
        "save_date": "2024-09-16",
        "category": "other_shopping",
        "value": "17.00",
        "description": "Miska",
        "quantity": "1",
        "owner": "99"
      }
    ]
  },
  {
    "id": 4,
    "save_date": "2024-09-16",
    "payment_date": "2024-08-01",
    "payer": "1",
    "shop": "Pepco",
    "transaction_type": "expense",
    "items": [
      {
        "id": 20,
        "save_date": "2024-09-16",
        "category": "other_shopping",
        "value": "91.00",
        "description": "rzeczy do mieszkania",
        "quantity": "1",
        "owner": "99"
      }
    ]
  },
  {
    "id": 5,
    "save_date": "2024-09-16",
    "payment_date": "2024-08-01",
    "payer": "2",
    "shop": "Pepco",
    "transaction_type": "expense",
    "items": [
      {
        "id": 21,
        "save_date": "2024-09-16",
        "category": "other_shopping",
        "value": "4.00",
        "description": "rzeczy do mieszkania",
        "quantity": "1",
        "owner": "99"
      }
    ]
  },
  {
    "id": 71,
    "save_date": "2024-09-16",
    "payment_date": "2024-08-01",
    "payer": "2",
    "shop": "",
    "transaction_type": "income",
    "items": [
      {
        "id": 149,
        "save_date": "2024-09-16",
        "category": "work_income",
        "value": "904.00",
        "description": "Praca",
        "quantity": "1",
        "owner": "2"
      }
    ]
  },
  {
    "id": 72,
    "save_date": "2024-09-16",
    "payment_date": "2024-08-01",
    "payer": "1",
    "shop": "Spotify",
    "transaction_type": "expense",
    "items": [
      {
        "id": 150,
        "save_date": "2024-09-16",
        "category": "monthly_subscriptions",
        "value": "5.49",
        "description": "-1",
        "quantity": "1",
        "owner": "1"
      }
    ]
  },
  {
    "id": 73,
    "save_date": "2024-09-16",
    "payment_date": "2024-08-01",
    "payer": "1",
    "shop": "iCloud",
    "transaction_type": "expense",
    "items": [
      {
        "id": 151,
        "save_date": "2024-09-16",
        "category": "monthly_subscriptions",
        "value": "4.99",
        "description": "-1",
        "quantity": "1",
        "owner": "1"
      }
    ]
  },
  {
    "id": 132,
    "save_date": "2024-09-19",
    "payment_date": "2024-08-01",
    "payer": "1",
    "shop": "",
    "transaction_type": "income",
    "items": [
      {
        "id": 287,
        "save_date": "2024-09-19",
        "category": "last_month_balance",
        "value": "1318.01",
        "description": "last",
        "quantity": "1",
        "owner": "1"
      }
    ]
  },
  {
    "id": 6,
    "save_date": "2024-09-16",
    "payment_date": "2024-08-02",
    "payer": "2",
    "shop": "Lewiatan",
    "transaction_type": "expense",
    "items": [
      {
        "id": 22,
        "save_date": "2024-09-16",
        "category": "food_drinks",
        "value": "33.99",
        "description": "chleb, porcja rosołowa",
        "quantity": "1",
        "owner": "99"
      }
    ]
  },
  {
    "id": 7,
    "save_date": "2024-09-16",
    "payment_date": "2024-08-02",
    "payer": "1",
    "shop": "Aldi",
    "transaction_type": "expense",
    "items": [
      {
        "id": 23,
        "save_date": "2024-09-16",
        "category": "food_drinks",
        "value": "4.49",
        "description": "Cukier",
        "quantity": "1",
        "owner": "99"
      }
    ]
  },
  {
    "id": 74,
    "save_date": "2024-09-16",
    "payment_date": "2024-08-02",
    "payer": "1",
    "shop": "Revolut",
    "transaction_type": "expense",
    "items": [
      {
        "id": 152,
        "save_date": "2024-09-16",
        "category": "investments_savings",
        "value": "1000.00",
        "description": "Revolut lokata",
        "quantity": "1",
        "owner": "1"
      }
    ]
  },
  {
    "id": 8,
    "save_date": "2024-09-16",
    "payment_date": "2024-08-03",
    "payer": "2",
    "shop": "Aldi",
    "transaction_type": "expense",
    "items": [
      {
        "id": 24,
        "save_date": "2024-09-16",
        "category": "food_drinks",
        "value": "14.61",
        "description": "Porcje rosołowe",
        "quantity": "2",
        "owner": "99"
      }
    ]
  },
  {
    "id": 9,
    "save_date": "2024-09-16",
    "payment_date": "2024-08-03",
    "payer": "2",
    "shop": "Biedronka",
    "transaction_type": "expense",
    "items": [
      {
        "id": 25,
        "save_date": "2024-09-16",
        "category": "food_drinks",
        "value": "32.15",
        "description": "-1",
        "quantity": "1",
        "owner": "99"
      }
    ]
  },
  {
    "id": 10,
    "save_date": "2024-09-16",
    "payment_date": "2024-08-03",
    "payer": "1",
    "shop": "Biedronka",
    "transaction_type": "expense",
    "items": [
      {
        "id": 26,
        "save_date": "2024-09-16",
        "category": "food_drinks",
        "value": "4.98",
        "description": "Makarony",
        "quantity": "1",
        "owner": "99"
      }
    ]
  },
  {
    "id": 11,
    "save_date": "2024-09-16",
    "payment_date": "2024-08-03",
    "payer": "1",
    "shop": "Biedronka",
    "transaction_type": "expense",
    "items": [
      {
        "id": 27,
        "save_date": "2024-09-16",
        "category": "food_drinks",
        "value": "1.99",
        "description": "-1",
        "quantity": "1",
        "owner": "99"
      }
    ]
  },
  {
    "id": 12,
    "save_date": "2024-09-16",
    "payment_date": "2024-08-05",
    "payer": "1",
    "shop": "Biedronka",
    "transaction_type": "expense",
    "items": [
      {
        "id": 28,
        "save_date": "2024-09-16",
        "category": "food_drinks",
        "value": "3.19",
        "description": "Śmietana",
        "quantity": "1",
        "owner": "99"
      },
      {
        "id": 29,
        "save_date": "2024-09-16",
        "category": "food_drinks",
        "value": "3.19",
        "description": "Szpinak",
        "quantity": "1",
        "owner": "99"
      },
      {
        "id": 30,
        "save_date": "2024-09-16",
        "category": "food_drinks",
        "value": "4.19",
        "description": "Chleb fitness",
        "quantity": "1",
        "owner": "99"
      },
      {
        "id": 31,
        "save_date": "2024-09-16",
        "category": "food_drinks",
        "value": "1.58",
        "description": "Bułka grahamka",
        "quantity": "2",
        "owner": "99"
      }
    ]
  },
  {
    "id": 13,
    "save_date": "2024-09-16",
    "payment_date": "2024-08-05",
    "payer": "1",
    "shop": "Biedronka",
    "transaction_type": "expense",
    "items": [
      {
        "id": 32,
        "save_date": "2024-09-16",
        "category": "food_drinks",
        "value": "2.09",
        "description": "Jogurt jogobella",
        "quantity": "1",
        "owner": "99"
      },
      {
        "id": 33,
        "save_date": "2024-09-16",
        "category": "food_drinks",
        "value": "5.49",
        "description": "Ciastka śniadaniowe Vitanella",
        "quantity": "1",
        "owner": "99"
      },
      {
        "id": 34,
        "save_date": "2024-09-16",
        "category": "food_drinks",
        "value": "7.99",
        "description": "Draże",
        "quantity": "1",
        "owner": "99"
      },
      {
        "id": 35,
        "save_date": "2024-09-16",
        "category": "food_drinks",
        "value": "8.99",
        "description": "Jeżyki",
        "quantity": "1",
        "owner": "99"
      },
      {
        "id": 36,
        "save_date": "2024-09-16",
        "category": "food_drinks",
        "value": "5.24",
        "description": "Mrożonka na zupe",
        "quantity": "1",
        "owner": "99"
      },
      {
        "id": 37,
        "save_date": "2024-09-16",
        "category": "food_drinks",
        "value": "3.99",
        "description": "Mieszanka chińska",
        "quantity": "1",
        "owner": "99"
      },
      {
        "id": 38,
        "save_date": "2024-09-16",
        "category": "food_drinks",
        "value": "2.99",
        "description": "Rożek lód",
        "quantity": "1",
        "owner": "2"
      },
      {
        "id": 39,
        "save_date": "2024-09-16",
        "category": "food_drinks",
        "value": "4.95",
        "description": "Tortille",
        "quantity": "1",
        "owner": "99"
      },
      {
        "id": 40,
        "save_date": "2024-09-16",
        "category": "food_drinks",
        "value": "17.42",
        "description": "Pstrąg tęczowy",
        "quantity": "1",
        "owner": "99"
      },
      {
        "id": 41,
        "save_date": "2024-09-16",
        "category": "food_drinks",
        "value": "1.99",
        "description": "Pieprz cytrynowy",
        "quantity": "1",
        "owner": "99"
      },
      {
        "id": 42,
        "save_date": "2024-09-16",
        "category": "food_drinks",
        "value": "1.99",
        "description": "Przyprawa gyros",
        "quantity": "1",
        "owner": "99"
      },
      {
        "id": 43,
        "save_date": "2024-09-16",
        "category": "food_drinks",
        "value": "1.99",
        "description": "Zioła prowansalskie",
        "quantity": "1",
        "owner": "99"
      },
      {
        "id": 44,
        "save_date": "2024-09-16",
        "category": "food_drinks",
        "value": "1.99",
        "description": "Oregano",
        "quantity": "1",
        "owner": "99"
      },
      {
        "id": 45,
        "save_date": "2024-09-16",
        "category": "chemistry",
        "value": "3.49",
        "description": "Folia aluminiowe",
        "quantity": "1",
        "owner": "99"
      },
      {
        "id": 46,
        "save_date": "2024-09-16",
        "category": "alcohol",
        "value": "9.98",
        "description": "Hardmade",
        "quantity": "4",
        "owner": "1"
      }
    ]
  },
  {
    "id": 14,
    "save_date": "2024-09-16",
    "payment_date": "2024-08-05",
    "payer": "1",
    "shop": "Allegro",
    "transaction_type": "expense",
    "items": [
      {
        "id": 47,
        "save_date": "2024-09-16",
        "category": "chemistry",
        "value": "89.99",
        "description": "Proszki do prania",
        "quantity": "2",
        "owner": "99"
      }
    ]
  },
  {
    "id": 15,
    "save_date": "2024-09-16",
    "payment_date": "2024-08-05",
    "payer": "1",
    "shop": "Allegro",
    "transaction_type": "expense",
    "items": [
      {
        "id": 48,
        "save_date": "2024-09-16",
        "category": "electronics_games",
        "value": "80.10",
        "description": "OneBlade",
        "quantity": "1",
        "owner": "1"
      }
    ]
  },
  {
    "id": 16,
    "save_date": "2024-09-16",
    "payment_date": "2024-08-05",
    "payer": "2",
    "shop": "Allegro",
    "transaction_type": "expense",
    "items": [
      {
        "id": 49,
        "save_date": "2024-09-16",
        "category": "other_shopping",
        "value": "100.10",
        "description": "Kosze na śmieci",
        "quantity": "2",
        "owner": "99"
      }
    ]
  },
  {
    "id": 67,
    "save_date": "2024-09-16",
    "payment_date": "2024-08-05",
    "payer": "1",
    "shop": "",
    "transaction_type": "income",
    "items": [
      {
        "id": 145,
        "save_date": "2024-09-16",
        "category": "work_income",
        "value": "2640.00",
        "description": "Polibuda",
        "quantity": "1",
        "owner": "1"
      }
    ]
  },
  {
    "id": 75,
    "save_date": "2024-09-16",
    "payment_date": "2024-08-05",
    "payer": "1",
    "shop": "Akcje",
    "transaction_type": "expense",
    "items": [
      {
        "id": 153,
        "save_date": "2024-09-16",
        "category": "investments_savings",
        "value": "300.00",
        "description": "Emerytura 2070",
        "quantity": "1",
        "owner": "1"
      },
      {
        "id": 154,
        "save_date": "2024-09-16",
        "category": "investments_savings",
        "value": "300.00",
        "description": "Wig20",
        "quantity": "1",
        "owner": "1"
      },
      {
        "id": 155,
        "save_date": "2024-09-16",
        "category": "investments_savings",
        "value": "300.00",
        "description": "MSCP dywidendy",
        "quantity": "1",
        "owner": "1"
      }
    ]
  },
  {
    "id": 76,
    "save_date": "2024-09-16",
    "payment_date": "2024-08-05",
    "payer": "1",
    "shop": "Revolut",
    "transaction_type": "expense",
    "items": [
      {
        "id": 156,
        "save_date": "2024-09-16",
        "category": "investments_savings",
        "value": "1000.00",
        "description": "Revolut Lokata",
        "quantity": "1",
        "owner": "1"
      }
    ]
  },
  {
    "id": 17,
    "save_date": "2024-09-16",
    "payment_date": "2024-08-06",
    "payer": "1",
    "shop": "Lewiatan",
    "transaction_type": "expense",
    "items": [
      {
        "id": 50,
        "save_date": "2024-09-16",
        "category": "food_drinks",
        "value": "2.07",
        "description": "Kajzerki",
        "quantity": "3",
        "owner": "99"
      }
    ]
  },
  {
    "id": 18,
    "save_date": "2024-09-16",
    "payment_date": "2024-08-06",
    "payer": "1",
    "shop": "AliExpress",
    "transaction_type": "expense",
    "items": [
      {
        "id": 51,
        "save_date": "2024-09-16",
        "category": "other_shopping",
        "value": "40.59",
        "description": "Wieszak pod prysznic",
        "quantity": "1",
        "owner": "99"
      },
      {
        "id": 52,
        "save_date": "2024-09-16",
        "category": "other_shopping",
        "value": "25.49",
        "description": "Siatka na kable",
        "quantity": "1",
        "owner": "1"
      },
      {
        "id": 53,
        "save_date": "2024-09-16",
        "category": "other_shopping",
        "value": "25.49",
        "description": "Półka do biurka na przedłużacz",
        "quantity": "1",
        "owner": "1"
      }
    ]
  },
  {
    "id": 19,
    "save_date": "2024-09-16",
    "payment_date": "2024-08-07",
    "payer": "1",
    "shop": "SM Logistics",
    "transaction_type": "expense",
    "items": [
      {
        "id": 54,
        "save_date": "2024-09-16",
        "category": "fuel",
        "value": "150.00",
        "description": "-1",
        "quantity": "1",
        "owner": "1"
      }
    ]
  },
  {
    "id": 20,
    "save_date": "2024-09-16",
    "payment_date": "2024-08-07",
    "payer": "1",
    "shop": "Diamond",
    "transaction_type": "expense",
    "items": [
      {
        "id": 55,
        "save_date": "2024-09-16",
        "category": "fastfood",
        "value": "23.00",
        "description": "Kebab",
        "quantity": "1",
        "owner": "1"
      }
    ]
  },
  {
    "id": 21,
    "save_date": "2024-09-16",
    "payment_date": "2024-08-07",
    "payer": "2",
    "shop": "Piekarnia",
    "transaction_type": "expense",
    "items": [
      {
        "id": 56,
        "save_date": "2024-09-16",
        "category": "food_drinks",
        "value": "9.90",
        "description": "Chleb",
        "quantity": "1",
        "owner": "99"
      }
    ]
  },
  {
    "id": 22,
    "save_date": "2024-09-16",
    "payment_date": "2024-08-07",
    "payer": "1",
    "shop": "Jakdojade",
    "transaction_type": "expense",
    "items": [
      {
        "id": 57,
        "save_date": "2024-09-16",
        "category": "tickets_entrance",
        "value": "6.00",
        "description": "-1",
        "quantity": "1",
        "owner": "1"
      }
    ]
  },
  {
    "id": 23,
    "save_date": "2024-09-16",
    "payment_date": "2024-08-07",
    "payer": "2",
    "shop": "Shein",
    "transaction_type": "expense",
    "items": [
      {
        "id": 58,
        "save_date": "2024-09-16",
        "category": "other_shopping",
        "value": "34.31",
        "description": "-1",
        "quantity": "1",
        "owner": "99"
      }
    ]
  },
  {
    "id": 24,
    "save_date": "2024-09-16",
    "payment_date": "2024-08-08",
    "payer": "1",
    "shop": "Aldi",
    "transaction_type": "expense",
    "items": [
      {
        "id": 59,
        "save_date": "2024-09-16",
        "category": "food_drinks",
        "value": "0.72",
        "description": "Cytryna",
        "quantity": "1",
        "owner": "99"
      }
    ]
  },
  {
    "id": 25,
    "save_date": "2024-09-16",
    "payment_date": "2024-08-09",
    "payer": "2",
    "shop": "Mount Blanc",
    "transaction_type": "expense",
    "items": [
      {
        "id": 60,
        "save_date": "2024-09-16",
        "category": "food_drinks",
        "value": "43.80",
        "description": "Randka",
        "quantity": "1",
        "owner": "99"
      }
    ]
  },
  {
    "id": 26,
    "save_date": "2024-09-16",
    "payment_date": "2024-08-09",
    "payer": "2",
    "shop": "Rossman",
    "transaction_type": "expense",
    "items": [
      {
        "id": 61,
        "save_date": "2024-09-16",
        "category": "chemistry",
        "value": "15.98",
        "description": "-1",
        "quantity": "1",
        "owner": "2"
      }
    ]
  },
  {
    "id": 27,
    "save_date": "2024-09-16",
    "payment_date": "2024-08-09",
    "payer": "2",
    "shop": "Pepco",
    "transaction_type": "expense",
    "items": [
      {
        "id": 62,
        "save_date": "2024-09-16",
        "category": "other_shopping",
        "value": "45.00",
        "description": "Zakupy domowe",
        "quantity": "1",
        "owner": "99"
      }
    ]
  },
  {
    "id": 28,
    "save_date": "2024-09-16",
    "payment_date": "2024-08-09",
    "payer": "1",
    "shop": "Parking Sfera",
    "transaction_type": "expense",
    "items": [
      {
        "id": 63,
        "save_date": "2024-09-16",
        "category": "other_shopping",
        "value": "3.00",
        "description": "Parking Sfera",
        "quantity": "1",
        "owner": "99"
      }
    ]
  },
  {
    "id": 29,
    "save_date": "2024-09-16",
    "payment_date": "2024-08-10",
    "payer": "1",
    "shop": "Helios",
    "transaction_type": "expense",
    "items": [
      {
        "id": 64,
        "save_date": "2024-09-16",
        "category": "food_drinks",
        "value": "17.50",
        "description": "Pepsi",
        "quantity": "1",
        "owner": "1"
      }
    ]
  },
  {
    "id": 30,
    "save_date": "2024-09-16",
    "payment_date": "2024-08-10",
    "payer": "1",
    "shop": "Helios",
    "transaction_type": "expense",
    "items": [
      {
        "id": 65,
        "save_date": "2024-09-16",
        "category": "tickets_entrance",
        "value": "29.80",
        "description": "Bilet",
        "quantity": "1",
        "owner": "1"
      }
    ]
  },
  {
    "id": 31,
    "save_date": "2024-09-16",
    "payment_date": "2024-08-10",
    "payer": "1",
    "shop": "AliExpress",
    "transaction_type": "expense",
    "items": [
      {
        "id": 66,
        "save_date": "2024-09-16",
        "category": "electronics_games",
        "value": "50.39",
        "description": "Hub USB",
        "quantity": "1",
        "owner": "1"
      },
      {
        "id": 67,
        "save_date": "2024-09-16",
        "category": "other_shopping",
        "value": "14.39",
        "description": "Podkładka Japońska pod myszkę",
        "quantity": "1",
        "owner": "1"
      },
      {
        "id": 68,
        "save_date": "2024-09-16",
        "category": "other_shopping",
        "value": "6.49",
        "description": "Pudełko na kable",
        "quantity": "1",
        "owner": "1"
      }
    ]
  },
  {
    "id": 32,
    "save_date": "2024-09-16",
    "payment_date": "2024-08-12",
    "payer": "1",
    "shop": "Biedronka",
    "transaction_type": "expense",
    "items": [
      {
        "id": 69,
        "save_date": "2024-09-16",
        "category": "food_drinks",
        "value": "5.98",
        "description": "Makaron Spaghetti",
        "quantity": "2",
        "owner": "99"
      },
      {
        "id": 70,
        "save_date": "2024-09-16",
        "category": "food_drinks",
        "value": "4.19",
        "description": "Chleb Fitness",
        "quantity": "1",
        "owner": "99"
      }
    ]
  },
  {
    "id": 33,
    "save_date": "2024-09-16",
    "payment_date": "2024-08-13",
    "payer": "1",
    "shop": "Allegro",
    "transaction_type": "expense",
    "items": [
      {
        "id": 71,
        "save_date": "2024-09-16",
        "category": "other_shopping",
        "value": "24.84",
        "description": "Moskitiery",
        "quantity": "3",
        "owner": "99"
      }
    ]
  },
  {
    "id": 34,
    "save_date": "2024-09-16",
    "payment_date": "2024-08-14",
    "payer": "1",
    "shop": "Lewiatan",
    "transaction_type": "expense",
    "items": [
      {
        "id": 72,
        "save_date": "2024-09-16",
        "category": "food_drinks",
        "value": "26.79",
        "description": "-1",
        "quantity": "1",
        "owner": "99"
      }
    ]
  },
  {
    "id": 35,
    "save_date": "2024-09-16",
    "payment_date": "2024-08-14",
    "payer": "2",
    "shop": "Kaufland",
    "transaction_type": "expense",
    "items": [
      {
        "id": 73,
        "save_date": "2024-09-16",
        "category": "chemistry",
        "value": "6.99",
        "description": "Nabłyszczacz do zmywarki",
        "quantity": "1",
        "owner": "99"
      },
      {
        "id": 74,
        "save_date": "2024-09-16",
        "category": "food_drinks",
        "value": "3.39",
        "description": "Sos BBQ",
        "quantity": "1",
        "owner": "99"
      },
      {
        "id": 75,
        "save_date": "2024-09-16",
        "category": "food_drinks",
        "value": "8.98",
        "description": "Pepsi 1L",
        "quantity": "2",
        "owner": "99"
      },
      {
        "id": 76,
        "save_date": "2024-09-16",
        "category": "food_drinks",
        "value": "4.99",
        "description": "Olej",
        "quantity": "1",
        "owner": "99"
      },
      {
        "id": 77,
        "save_date": "2024-09-16",
        "category": "food_drinks",
        "value": "12.99",
        "description": "Frytki Aviko",
        "quantity": "1",
        "owner": "99"
      },
      {
        "id": 78,
        "save_date": "2024-09-16",
        "category": "food_drinks",
        "value": "14.99",
        "description": "Lody",
        "quantity": "1",
        "owner": "99"
      },
      {
        "id": 79,
        "save_date": "2024-09-16",
        "category": "food_drinks",
        "value": "2.99",
        "description": "Ser mozarella",
        "quantity": "1",
        "owner": "99"
      },
      {
        "id": 80,
        "save_date": "2024-09-16",
        "category": "food_drinks",
        "value": "4.02",
        "description": "Ser serenada",
        "quantity": "1",
        "owner": "99"
      },
      {
        "id": 81,
        "save_date": "2024-09-16",
        "category": "food_drinks",
        "value": "9.98",
        "description": "Parówki tarczyńskie",
        "quantity": "2",
        "owner": "99"
      },
      {
        "id": 82,
        "save_date": "2024-09-16",
        "category": "food_drinks",
        "value": "3.84",
        "description": "Ciasto francuskie",
        "quantity": "1",
        "owner": "99"
      },
      {
        "id": 83,
        "save_date": "2024-09-16",
        "category": "food_drinks",
        "value": "14.78",
        "description": "Mięso mielone z łopatki",
        "quantity": "1",
        "owner": "99"
      },
      {
        "id": 84,
        "save_date": "2024-09-16",
        "category": "food_drinks",
        "value": "8.38",
        "description": "Cemembert",
        "quantity": "2",
        "owner": "99"
      },
      {
        "id": 85,
        "save_date": "2024-09-16",
        "category": "food_drinks",
        "value": "13.32",
        "description": "Jogurty Muller",
        "quantity": "6",
        "owner": "99"
      },
      {
        "id": 86,
        "save_date": "2024-09-16",
        "category": "food_drinks",
        "value": "9.99",
        "description": "Majonez kielecki",
        "quantity": "1",
        "owner": "99"
      },
      {
        "id": 87,
        "save_date": "2024-09-16",
        "category": "food_drinks",
        "value": "7.99",
        "description": "Majonez winiary",
        "quantity": "1",
        "owner": "99"
      },
      {
        "id": 88,
        "save_date": "2024-09-16",
        "category": "food_drinks",
        "value": "5.49",
        "description": "Sos boloński",
        "quantity": "1",
        "owner": "99"
      },
      {
        "id": 89,
        "save_date": "2024-09-16",
        "category": "food_drinks",
        "value": "0.90",
        "description": "Papryka słodka przyprawa",
        "quantity": "1",
        "owner": "99"
      },
      {
        "id": 90,
        "save_date": "2024-09-16",
        "category": "food_drinks",
        "value": "1.19",
        "description": "Papryka ostra przyprawa",
        "quantity": "1",
        "owner": "99"
      },
      {
        "id": 91,
        "save_date": "2024-09-16",
        "category": "food_drinks",
        "value": "4.49",
        "description": "Lipton herbata",
        "quantity": "1",
        "owner": "2"
      },
      {
        "id": 92,
        "save_date": "2024-09-16",
        "category": "food_drinks",
        "value": "3.69",
        "description": "Wafle śmietanowe",
        "quantity": "1",
        "owner": "99"
      },
      {
        "id": 93,
        "save_date": "2024-09-16",
        "category": "food_drinks",
        "value": "5.99",
        "description": "Płatki truskawkowe",
        "quantity": "1",
        "owner": "1"
      },
      {
        "id": 94,
        "save_date": "2024-09-16",
        "category": "food_drinks",
        "value": "4.29",
        "description": "PierNadz (?)",
        "quantity": "1",
        "owner": "99"
      },
      {
        "id": 95,
        "save_date": "2024-09-16",
        "category": "food_drinks",
        "value": "1.39",
        "description": "Bagietka",
        "quantity": "1",
        "owner": "99"
      },
      {
        "id": 96,
        "save_date": "2024-09-16",
        "category": "food_drinks",
        "value": "8.27",
        "description": "Arbuz",
        "quantity": "1",
        "owner": "99"
      }
    ]
  },
  {
    "id": 68,
    "save_date": "2024-09-16",
    "payment_date": "2024-08-14",
    "payer": "1",
    "shop": "",
    "transaction_type": "income",
    "items": [
      {
        "id": 146,
        "save_date": "2024-09-16",
        "category": "family_income",
        "value": "60.00",
        "description": "-1",
        "quantity": "1",
        "owner": "1"
      }
    ]
  },
  {
    "id": 36,
    "save_date": "2024-09-16",
    "payment_date": "2024-08-16",
    "payer": "1",
    "shop": "Orlen",
    "transaction_type": "expense",
    "items": [
      {
        "id": 97,
        "save_date": "2024-09-16",
        "category": "fuel",
        "value": "95.55",
        "description": "-1",
        "quantity": "1",
        "owner": "1"
      }
    ]
  },
  {
    "id": 37,
    "save_date": "2024-09-16",
    "payment_date": "2024-08-16",
    "payer": "2",
    "shop": "Lewiatan",
    "transaction_type": "expense",
    "items": [
      {
        "id": 98,
        "save_date": "2024-09-16",
        "category": "food_drinks",
        "value": "15.83",
        "description": "-1",
        "quantity": "1",
        "owner": "99"
      }
    ]
  },
  {
    "id": 38,
    "save_date": "2024-09-16",
    "payment_date": "2024-08-17",
    "payer": "1",
    "shop": "Diamond",
    "transaction_type": "expense",
    "items": [
      {
        "id": 99,
        "save_date": "2024-09-16",
        "category": "fastfood",
        "value": "26.00",
        "description": "Kebab",
        "quantity": "1",
        "owner": "1"
      }
    ]
  },
  {
    "id": 39,
    "save_date": "2024-09-16",
    "payment_date": "2024-08-17",
    "payer": "1",
    "shop": "Lewiatan",
    "transaction_type": "expense",
    "items": [
      {
        "id": 100,
        "save_date": "2024-09-16",
        "category": "food_drinks",
        "value": "5.15",
        "description": "Porcja rosołowa",
        "quantity": "2",
        "owner": "99"
      }
    ]
  },
  {
    "id": 40,
    "save_date": "2024-09-16",
    "payment_date": "2024-08-18",
    "payer": "2",
    "shop": "Lodomania",
    "transaction_type": "expense",
    "items": [
      {
        "id": 101,
        "save_date": "2024-09-16",
        "category": "food_drinks",
        "value": "15.00",
        "description": "Lodziki",
        "quantity": "2",
        "owner": "99"
      }
    ]
  },
  {
    "id": 41,
    "save_date": "2024-09-16",
    "payment_date": "2024-08-18",
    "payer": "1",
    "shop": "Lajkonik",
    "transaction_type": "expense",
    "items": [
      {
        "id": 102,
        "save_date": "2024-09-16",
        "category": "tickets_entrance",
        "value": "26.00",
        "description": "Bielsko - Kraków",
        "quantity": "1",
        "owner": "1"
      }
    ]
  },
  {
    "id": 42,
    "save_date": "2024-09-16",
    "payment_date": "2024-08-19",
    "payer": "1",
    "shop": "Biedronka",
    "transaction_type": "expense",
    "items": [
      {
        "id": 103,
        "save_date": "2024-09-16",
        "category": "food_drinks",
        "value": "3.19",
        "description": "BePowerek",
        "quantity": "1",
        "owner": "1"
      }
    ]
  },
  {
    "id": 43,
    "save_date": "2024-09-16",
    "payment_date": "2024-08-19",
    "payer": "1",
    "shop": "Polregio",
    "transaction_type": "expense",
    "items": [
      {
        "id": 104,
        "save_date": "2024-09-16",
        "category": "tickets_entrance",
        "value": "10.53",
        "description": "Pociąg Kraków - Bielsko",
        "quantity": "1",
        "owner": "1"
      }
    ]
  },
  {
    "id": 44,
    "save_date": "2024-09-16",
    "payment_date": "2024-08-20",
    "payer": "1",
    "shop": "Lewiatan",
    "transaction_type": "expense",
    "items": [
      {
        "id": 105,
        "save_date": "2024-09-16",
        "category": "food_drinks",
        "value": "12.03",
        "description": "Szynka",
        "quantity": "1",
        "owner": "99"
      }
    ]
  },
  {
    "id": 45,
    "save_date": "2024-09-16",
    "payment_date": "2024-08-21",
    "payer": "1",
    "shop": "Biedronka",
    "transaction_type": "expense",
    "items": [
      {
        "id": 106,
        "save_date": "2024-09-16",
        "category": "food_drinks",
        "value": "3.48",
        "description": "Bułka tarta",
        "quantity": "1",
        "owner": "99"
      },
      {
        "id": 107,
        "save_date": "2024-09-16",
        "category": "food_drinks",
        "value": "15.18",
        "description": "Pstrąg tęczowy łososiowy",
        "quantity": "1",
        "owner": "99"
      },
      {
        "id": 108,
        "save_date": "2024-09-16",
        "category": "food_drinks",
        "value": "17.98",
        "description": "Ser Gołda",
        "quantity": "2",
        "owner": "99"
      },
      {
        "id": 109,
        "save_date": "2024-09-16",
        "category": "food_drinks",
        "value": "2.59",
        "description": "Sałatka warzywna z jajkiem",
        "quantity": "1",
        "owner": "99"
      },
      {
        "id": 110,
        "save_date": "2024-09-16",
        "category": "food_drinks",
        "value": "2.09",
        "description": "Serek topiony",
        "quantity": "1",
        "owner": "99"
      },
      {
        "id": 111,
        "save_date": "2024-09-16",
        "category": "food_drinks",
        "value": "3.18",
        "description": "Donut",
        "quantity": "2",
        "owner": "1"
      }
    ]
  },
  {
    "id": 46,
    "save_date": "2024-09-16",
    "payment_date": "2024-08-21",
    "payer": "1",
    "shop": "Biedronka",
    "transaction_type": "expense",
    "items": [
      {
        "id": 112,
        "save_date": "2024-09-16",
        "category": "food_drinks",
        "value": "5.58",
        "description": "-1",
        "quantity": "1",
        "owner": "99"
      }
    ]
  },
  {
    "id": 47,
    "save_date": "2024-09-16",
    "payment_date": "2024-08-22",
    "payer": "1",
    "shop": "Allegro",
    "transaction_type": "expense",
    "items": [
      {
        "id": 113,
        "save_date": "2024-09-16",
        "category": "chemistry",
        "value": "19.50",
        "description": "Sanytol",
        "quantity": "1",
        "owner": "99"
      },
      {
        "id": 114,
        "save_date": "2024-09-16",
        "category": "chemistry",
        "value": "21.33",
        "description": "Lenor perełki",
        "quantity": "1",
        "owner": "99"
      },
      {
        "id": 115,
        "save_date": "2024-09-16",
        "category": "chemistry",
        "value": "11.99",
        "description": "Chusteczki do prania na kolor",
        "quantity": "1",
        "owner": "99"
      }
    ]
  },
  {
    "id": 48,
    "save_date": "2024-09-16",
    "payment_date": "2024-08-23",
    "payer": "2",
    "shop": "Orlen",
    "transaction_type": "expense",
    "items": [
      {
        "id": 116,
        "save_date": "2024-09-16",
        "category": "fuel",
        "value": "180.60",
        "description": "-1",
        "quantity": "1",
        "owner": "2"
      }
    ]
  },
  {
    "id": 49,
    "save_date": "2024-09-16",
    "payment_date": "2024-08-23",
    "payer": "1",
    "shop": "Lewiatan",
    "transaction_type": "expense",
    "items": [
      {
        "id": 117,
        "save_date": "2024-09-16",
        "category": "food_drinks",
        "value": "2.76",
        "description": "Bułki",
        "quantity": "4",
        "owner": "99"
      }
    ]
  },
  {
    "id": 50,
    "save_date": "2024-09-16",
    "payment_date": "2024-08-23",
    "payer": "1",
    "shop": "Aldi",
    "transaction_type": "expense",
    "items": [
      {
        "id": 118,
        "save_date": "2024-09-16",
        "category": "food_drinks",
        "value": "5.66",
        "description": "Serek feta",
        "quantity": "1",
        "owner": "99"
      }
    ]
  },
  {
    "id": 51,
    "save_date": "2024-09-16",
    "payment_date": "2024-08-23",
    "payer": "1",
    "shop": "Allegro",
    "transaction_type": "expense",
    "items": [
      {
        "id": 119,
        "save_date": "2024-09-16",
        "category": "electronics_games",
        "value": "175.00",
        "description": "Ramię do monitorów",
        "quantity": "1",
        "owner": "1"
      }
    ]
  },
  {
    "id": 69,
    "save_date": "2024-09-16",
    "payment_date": "2024-08-23",
    "payer": "1",
    "shop": "",
    "transaction_type": "income",
    "items": [
      {
        "id": 147,
        "save_date": "2024-09-16",
        "category": "work_income",
        "value": "1200.00",
        "description": "Kuźma",
        "quantity": "1",
        "owner": "1"
      }
    ]
  },
  {
    "id": 52,
    "save_date": "2024-09-16",
    "payment_date": "2024-08-24",
    "payer": "1",
    "shop": "Diamond",
    "transaction_type": "expense",
    "items": [
      {
        "id": 120,
        "save_date": "2024-09-16",
        "category": "fastfood",
        "value": "19.00",
        "description": "Kebab",
        "quantity": "1",
        "owner": "1"
      }
    ]
  },
  {
    "id": 53,
    "save_date": "2024-09-16",
    "payment_date": "2024-08-24",
    "payer": "1",
    "shop": "Biedronka",
    "transaction_type": "expense",
    "items": [
      {
        "id": 121,
        "save_date": "2024-09-16",
        "category": "food_drinks",
        "value": "1.89",
        "description": "BePower",
        "quantity": "1",
        "owner": "1"
      }
    ]
  },
  {
    "id": 54,
    "save_date": "2024-09-16",
    "payment_date": "2024-08-24",
    "payer": "1",
    "shop": "Kaufland",
    "transaction_type": "expense",
    "items": [
      {
        "id": 122,
        "save_date": "2024-09-16",
        "category": "chemistry",
        "value": "4.44",
        "description": "Płyn do spryskiwaczy",
        "quantity": "1",
        "owner": "1"
      }
    ]
  },
  {
    "id": 55,
    "save_date": "2024-09-16",
    "payment_date": "2024-08-25",
    "payer": "1",
    "shop": "Lewiatan",
    "transaction_type": "expense",
    "items": [
      {
        "id": 123,
        "save_date": "2024-09-16",
        "category": "food_drinks",
        "value": "3.60",
        "description": "-1",
        "quantity": "1",
        "owner": "99"
      }
    ]
  },
  {
    "id": 56,
    "save_date": "2024-09-16",
    "payment_date": "2024-08-25",
    "payer": "1",
    "shop": "Biedronka",
    "transaction_type": "expense",
    "items": [
      {
        "id": 124,
        "save_date": "2024-09-16",
        "category": "food_drinks",
        "value": "16.12",
        "description": "Filet z kurczaka",
        "quantity": "1",
        "owner": "99"
      },
      {
        "id": 125,
        "save_date": "2024-09-16",
        "category": "food_drinks",
        "value": "25.14",
        "description": "Mleko",
        "quantity": "12",
        "owner": "99"
      },
      {
        "id": 126,
        "save_date": "2024-09-16",
        "category": "food_drinks",
        "value": "6.37",
        "description": "Płatki kukurydziane",
        "quantity": "1",
        "owner": "99"
      },
      {
        "id": 127,
        "save_date": "2024-09-16",
        "category": "food_drinks",
        "value": "8.97",
        "description": "Makaron do rosołu",
        "quantity": "4",
        "owner": "99"
      },
      {
        "id": 128,
        "save_date": "2024-09-16",
        "category": "food_drinks",
        "value": "11.98",
        "description": "Ketchup",
        "quantity": "2",
        "owner": "99"
      },
      {
        "id": 129,
        "save_date": "2024-09-16",
        "category": "food_drinks",
        "value": "6.49",
        "description": "Tutti",
        "quantity": "4",
        "owner": "1"
      },
      {
        "id": 130,
        "save_date": "2024-09-16",
        "category": "food_drinks",
        "value": "5.98",
        "description": "Tortilla",
        "quantity": "2",
        "owner": "99"
      },
      {
        "id": 131,
        "save_date": "2024-09-16",
        "category": "food_drinks",
        "value": "3.99",
        "description": "Serek delikate",
        "quantity": "1",
        "owner": "99"
      },
      {
        "id": 132,
        "save_date": "2024-09-16",
        "category": "food_drinks",
        "value": "2.29",
        "description": "Rogal Baitz",
        "quantity": "1",
        "owner": "1"
      },
      {
        "id": 133,
        "save_date": "2024-09-16",
        "category": "food_drinks",
        "value": "1.98",
        "description": "Czosnek",
        "quantity": "1",
        "owner": "99"
      },
      {
        "id": 134,
        "save_date": "2024-09-16",
        "category": "food_drinks",
        "value": "3.60",
        "description": "Pietruszka",
        "quantity": "1",
        "owner": "99"
      }
    ]
  },
  {
    "id": 57,
    "save_date": "2024-09-16",
    "payment_date": "2024-08-25",
    "payer": "1",
    "shop": "Lajkonik",
    "transaction_type": "expense",
    "items": [
      {
        "id": 135,
        "save_date": "2024-09-16",
        "category": "tickets_entrance",
        "value": "49.40",
        "description": "Bielsko - Kraków - Bielsko",
        "quantity": "2",
        "owner": "1"
      }
    ]
  },
  {
    "id": 70,
    "save_date": "2024-09-16",
    "payment_date": "2024-08-25",
    "payer": "1",
    "shop": "",
    "transaction_type": "income",
    "items": [
      {
        "id": 148,
        "save_date": "2024-09-16",
        "category": "investments_income",
        "value": "1000.00",
        "description": "Revolut lokata",
        "quantity": "1",
        "owner": "1"
      }
    ]
  },
  {
    "id": 77,
    "save_date": "2024-09-16",
    "payment_date": "2024-08-25",
    "payer": "1",
    "shop": "Mieszkanie",
    "transaction_type": "expense",
    "items": [
      {
        "id": 157,
        "save_date": "2024-09-16",
        "category": "flat_bills",
        "value": "1500.00",
        "description": "Najem",
        "quantity": "1",
        "owner": "99"
      },
      {
        "id": 158,
        "save_date": "2024-09-16",
        "category": "flat_bills",
        "value": "595.06",
        "description": "Spółdzielnia",
        "quantity": "1",
        "owner": "99"
      }
    ]
  },
  {
    "id": 58,
    "save_date": "2024-09-16",
    "payment_date": "2024-08-26",
    "payer": "1",
    "shop": "McDonald",
    "transaction_type": "expense",
    "items": [
      {
        "id": 136,
        "save_date": "2024-09-16",
        "category": "fastfood",
        "value": "8.00",
        "description": "Śniadanko",
        "quantity": "1",
        "owner": "1"
      }
    ]
  },
  {
    "id": 59,
    "save_date": "2024-09-16",
    "payment_date": "2024-08-26",
    "payer": "1",
    "shop": "Polibuda",
    "transaction_type": "expense",
    "items": [
      {
        "id": 137,
        "save_date": "2024-09-16",
        "category": "alcohol",
        "value": "11.50",
        "description": "Piwo z Szymkiem",
        "quantity": "1",
        "owner": "1"
      }
    ]
  },
  {
    "id": 78,
    "save_date": "2024-09-16",
    "payment_date": "2024-08-27",
    "payer": "1",
    "shop": "Mieszkanie",
    "transaction_type": "expense",
    "items": [
      {
        "id": 159,
        "save_date": "2024-09-16",
        "category": "flat_bills",
        "value": "154.79",
        "description": "Internet",
        "quantity": "1",
        "owner": "99"
      }
    ]
  },
  {
    "id": 60,
    "save_date": "2024-09-16",
    "payment_date": "2024-08-28",
    "payer": "1",
    "shop": "Lewiatan",
    "transaction_type": "expense",
    "items": [
      {
        "id": 138,
        "save_date": "2024-09-16",
        "category": "food_drinks",
        "value": "17.70",
        "description": "-1",
        "quantity": "1",
        "owner": "99"
      }
    ]
  },
  {
    "id": 79,
    "save_date": "2024-09-16",
    "payment_date": "2024-08-28",
    "payer": "1",
    "shop": "Mieszkanie",
    "transaction_type": "expense",
    "items": [
      {
        "id": 160,
        "save_date": "2024-09-16",
        "category": "flat_bills",
        "value": "96.81",
        "description": "Prąd",
        "quantity": "1",
        "owner": "99"
      }
    ]
  },
  {
    "id": 61,
    "save_date": "2024-09-16",
    "payment_date": "2024-08-29",
    "payer": "1",
    "shop": "Aldi",
    "transaction_type": "expense",
    "items": [
      {
        "id": 139,
        "save_date": "2024-09-16",
        "category": "food_drinks",
        "value": "15.66",
        "description": "Ciastka",
        "quantity": "1",
        "owner": "99"
      }
    ]
  },
  {
    "id": 62,
    "save_date": "2024-09-16",
    "payment_date": "2024-08-30",
    "payer": "1",
    "shop": "Neon Bar",
    "transaction_type": "expense",
    "items": [
      {
        "id": 140,
        "save_date": "2024-09-16",
        "category": "alcohol",
        "value": "49.00",
        "description": "Drineczki urodzinowe",
        "quantity": "1",
        "owner": "99"
      }
    ]
  },
  {
    "id": 63,
    "save_date": "2024-09-16",
    "payment_date": "2024-08-30",
    "payer": "2",
    "shop": "Neon Bar",
    "transaction_type": "expense",
    "items": [
      {
        "id": 141,
        "save_date": "2024-09-16",
        "category": "alcohol",
        "value": "54.00",
        "description": "Drineczki urodzinowe",
        "quantity": "1",
        "owner": "99"
      }
    ]
  },
  {
    "id": 64,
    "save_date": "2024-09-16",
    "payment_date": "2024-08-30",
    "payer": "1",
    "shop": "Maximuss Pizza",
    "transaction_type": "expense",
    "items": [
      {
        "id": 142,
        "save_date": "2024-09-16",
        "category": "fastfood",
        "value": "64.90",
        "description": "Pizza urodzinowa",
        "quantity": "1",
        "owner": "99"
      }
    ]
  },
  {
    "id": 65,
    "save_date": "2024-09-16",
    "payment_date": "2024-08-31",
    "payer": "1",
    "shop": "Lewiatan",
    "transaction_type": "expense",
    "items": [
      {
        "id": 143,
        "save_date": "2024-09-16",
        "category": "food_drinks",
        "value": "4.47",
        "description": "Bułki",
        "quantity": "3",
        "owner": "99"
      }
    ]
  },
  {
    "id": 66,
    "save_date": "2024-09-16",
    "payment_date": "2024-08-31",
    "payer": "2",
    "shop": "Action",
    "transaction_type": "expense",
    "items": [
      {
        "id": 144,
        "save_date": "2024-09-16",
        "category": "other_shopping",
        "value": "48.10",
        "description": "Zakupy domowe",
        "quantity": "1",
        "owner": "99"
      }
    ]
  },
  {
    "id": 117,
    "save_date": "2024-09-17",
    "payment_date": "2024-09-01",
    "payer": "1",
    "shop": "Lajkonik",
    "transaction_type": "expense",
    "items": [
      {
        "id": 259,
        "save_date": "2024-09-17",
        "category": "tickets_entrance",
        "value": "49.40",
        "description": "Lajkonik Bielsko - Kraków - Bielsko",
        "quantity": "1",
        "owner": "1"
      }
    ]
  },
  {
    "id": 131,
    "save_date": "2024-09-19",
    "payment_date": "2024-09-01",
    "payer": "1",
    "shop": "",
    "transaction_type": "income",
    "items": [
      {
        "id": 286,
        "save_date": "2024-09-19",
        "category": "last_month_balance",
        "value": "1895.01",
        "description": "saldo",
        "quantity": "1",
        "owner": "1"
      }
    ]
  },
  {
    "id": 87,
    "save_date": "2024-09-17",
    "payment_date": "2024-09-02",
    "payer": "2",
    "shop": "Biedronka",
    "transaction_type": "expense",
    "items": [
      {
        "id": 171,
        "save_date": "2024-09-17",
        "category": "food_drinks",
        "value": "7.98",
        "description": "Zupa kalafiorowa 750g",
        "quantity": "1",
        "owner": "1"
      },
      {
        "id": 172,
        "save_date": "2024-09-17",
        "category": "food_drinks",
        "value": "3.99",
        "description": "Mieszanka chińska 450g",
        "quantity": "1",
        "owner": "99"
      },
      {
        "id": 173,
        "save_date": "2024-09-17",
        "category": "food_drinks",
        "value": "3.42",
        "description": "Makaron świderek 500g",
        "quantity": "1",
        "owner": "99"
      },
      {
        "id": 174,
        "save_date": "2024-09-17",
        "category": "food_drinks",
        "value": "3.99",
        "description": "Cukier 1kg",
        "quantity": "1",
        "owner": "99"
      }
    ]
  },
  {
    "id": 88,
    "save_date": "2024-09-17",
    "payment_date": "2024-09-02",
    "payer": "1",
    "shop": "Biedronka",
    "transaction_type": "expense",
    "items": [
      {
        "id": 175,
        "save_date": "2024-09-17",
        "category": "food_drinks",
        "value": "1.35",
        "description": "Chrupki kukurydziane 75g",
        "quantity": "1",
        "owner": "2"
      },
      {
        "id": 176,
        "save_date": "2024-09-17",
        "category": "food_drinks",
        "value": "5.99",
        "description": "Knoppersy Peanut butter 125g",
        "quantity": "1",
        "owner": "1"
      },
      {
        "id": 177,
        "save_date": "2024-09-17",
        "category": "food_drinks",
        "value": "7.49",
        "description": "Sajgonki 278g",
        "quantity": "1",
        "owner": "2"
      },
      {
        "id": 178,
        "save_date": "2024-09-17",
        "category": "food_drinks",
        "value": "5.98",
        "description": "Mozzarella 125g",
        "quantity": "1",
        "owner": "99"
      },
      {
        "id": 179,
        "save_date": "2024-09-17",
        "category": "food_drinks",
        "value": "3.99",
        "description": "Camember 120g",
        "quantity": "1",
        "owner": "99"
      },
      {
        "id": 180,
        "save_date": "2024-09-17",
        "category": "food_drinks",
        "value": "5.99",
        "description": "Pesto bazyliowe 190g",
        "quantity": "1",
        "owner": "99"
      },
      {
        "id": 181,
        "save_date": "2024-09-17",
        "category": "food_drinks",
        "value": "4.49",
        "description": "Tofu bazyliowe 180g",
        "quantity": "1",
        "owner": "99"
      }
    ]
  },
  {
    "id": 89,
    "save_date": "2024-09-17",
    "payment_date": "2024-09-02",
    "payer": "1",
    "shop": "Biedronka",
    "transaction_type": "expense",
    "items": [
      {
        "id": 182,
        "save_date": "2024-09-17",
        "category": "food_drinks",
        "value": "3.59",
        "description": "Twaróg półtłósty 250g",
        "quantity": "1",
        "owner": "99"
      },
      {
        "id": 183,
        "save_date": "2024-09-17",
        "category": "food_drinks",
        "value": "6.45",
        "description": "Koreczki śledziowe 250g",
        "quantity": "1",
        "owner": "99"
      },
      {
        "id": 184,
        "save_date": "2024-09-17",
        "category": "food_drinks",
        "value": "6.18",
        "description": "Tuńczyk w sosie własnym 130g",
        "quantity": "1",
        "owner": "99"
      },
      {
        "id": 185,
        "save_date": "2024-09-17",
        "category": "food_drinks",
        "value": "3.58",
        "description": "Danio z czekoladą 130g",
        "quantity": "2",
        "owner": "1"
      },
      {
        "id": 186,
        "save_date": "2024-09-17",
        "category": "food_drinks",
        "value": "5.59",
        "description": "Sos słodko kwaśny 520g",
        "quantity": "1",
        "owner": "99"
      },
      {
        "id": 187,
        "save_date": "2024-09-17",
        "category": "food_drinks",
        "value": "21.10",
        "description": "Pstrąg tęczowy 470g",
        "quantity": "1",
        "owner": "99"
      }
    ]
  },
  {
    "id": 90,
    "save_date": "2024-09-17",
    "payment_date": "2024-09-02",
    "payer": "1",
    "shop": "Aldi",
    "transaction_type": "expense",
    "items": [
      {
        "id": 188,
        "save_date": "2024-09-17",
        "category": "food_drinks",
        "value": "3.99",
        "description": "Kukurydza konserwowa 340g",
        "quantity": "1",
        "owner": "1"
      },
      {
        "id": 189,
        "save_date": "2024-09-17",
        "category": "food_drinks",
        "value": "1.19",
        "description": "Kurkuma 20g",
        "quantity": "1",
        "owner": "99"
      }
    ]
  },
  {
    "id": 92,
    "save_date": "2024-09-17",
    "payment_date": "2024-09-02",
    "payer": "2",
    "shop": "Hebe",
    "transaction_type": "expense",
    "items": [
      {
        "id": 192,
        "save_date": "2024-09-17",
        "category": "chemistry",
        "value": "23.99",
        "description": "Facebody olejek",
        "quantity": "1",
        "owner": "2"
      },
      {
        "id": 193,
        "save_date": "2024-09-17",
        "category": "chemistry",
        "value": "17.99",
        "description": "Bielenda pyskożel",
        "quantity": "1",
        "owner": "99"
      },
      {
        "id": 194,
        "save_date": "2024-09-17",
        "category": "chemistry",
        "value": "31.58",
        "description": "Nivea antyperspiranty",
        "quantity": "2",
        "owner": "1"
      }
    ]
  },
  {
    "id": 91,
    "save_date": "2024-09-17",
    "payment_date": "2024-09-03",
    "payer": "1",
    "shop": "Lewiatan",
    "transaction_type": "expense",
    "items": [
      {
        "id": 190,
        "save_date": "2024-09-17",
        "category": "food_drinks",
        "value": "28.13",
        "description": "Szarlotka 0,67kg",
        "quantity": "1",
        "owner": "1"
      },
      {
        "id": 191,
        "save_date": "2024-09-17",
        "category": "food_drinks",
        "value": "12.86",
        "description": "Szynka krucha 218g",
        "quantity": "1",
        "owner": "99"
      }
    ]
  },
  {
    "id": 83,
    "save_date": "2024-09-17",
    "payment_date": "2024-09-05",
    "payer": "1",
    "shop": "Pepco",
    "transaction_type": "expense",
    "items": [
      {
        "id": 165,
        "save_date": "2024-09-17",
        "category": "food_drinks",
        "value": "5.15",
        "description": "Chipsy paprykowe",
        "quantity": "1",
        "owner": "1"
      },
      {
        "id": 166,
        "save_date": "2024-09-17",
        "category": "food_drinks",
        "value": "5.19",
        "description": "Chipsy strongi",
        "quantity": "1",
        "owner": "1"
      },
      {
        "id": 167,
        "save_date": "2024-09-17",
        "category": "alcohol",
        "value": "39.99",
        "description": "Whiskey",
        "quantity": "1",
        "owner": "1"
      }
    ]
  },
  {
    "id": 93,
    "save_date": "2024-09-17",
    "payment_date": "2024-09-05",
    "payer": "1",
    "shop": "Aldi",
    "transaction_type": "expense",
    "items": [
      {
        "id": 195,
        "save_date": "2024-09-17",
        "category": "food_drinks",
        "value": "6.98",
        "description": "Cola",
        "quantity": "2",
        "owner": "1"
      }
    ]
  },
  {
    "id": 94,
    "save_date": "2024-09-17",
    "payment_date": "2024-09-05",
    "payer": "1",
    "shop": "Pepco",
    "transaction_type": "expense",
    "items": [
      {
        "id": 196,
        "save_date": "2024-09-17",
        "category": "other_shopping",
        "value": "3.00",
        "description": "Haczyki na ręczniki",
        "quantity": "1",
        "owner": "99"
      }
    ]
  },
  {
    "id": 119,
    "save_date": "2024-09-17",
    "payment_date": "2024-09-05",
    "payer": "1",
    "shop": "Revolut",
    "transaction_type": "expense",
    "items": [
      {
        "id": 265,
        "save_date": "2024-09-17",
        "category": "investments_savings",
        "value": "1000.00",
        "description": "Lokata",
        "quantity": "1",
        "owner": "1"
      }
    ]
  },
  {
    "id": 120,
    "save_date": "2024-09-17",
    "payment_date": "2024-09-05",
    "payer": "1",
    "shop": "Akcje",
    "transaction_type": "expense",
    "items": [
      {
        "id": 261,
        "save_date": "2024-09-17",
        "category": "investments_savings",
        "value": "350.00",
        "description": "S&P500",
        "quantity": "1",
        "owner": "1"
      },
      {
        "id": 262,
        "save_date": "2024-09-17",
        "category": "investments_savings",
        "value": "350.00",
        "description": "WiG20",
        "quantity": "1",
        "owner": "1"
      },
      {
        "id": 263,
        "save_date": "2024-09-17",
        "category": "investments_savings",
        "value": "350.00",
        "description": "MSC World",
        "quantity": "1",
        "owner": "1"
      },
      {
        "id": 264,
        "save_date": "2024-09-17",
        "category": "investments_savings",
        "value": "350.00",
        "description": "Emerytura 2070",
        "quantity": "1",
        "owner": "1"
      }
    ]
  },
  {
    "id": 133,
    "save_date": "2024-09-19",
    "payment_date": "2024-09-05",
    "payer": "1",
    "shop": "",
    "transaction_type": "income",
    "items": [
      {
        "id": 288,
        "save_date": "2024-09-19",
        "category": "work_income",
        "value": "4950.00",
        "description": "Politechnika",
        "quantity": "0",
        "owner": "1"
      }
    ]
  },
  {
    "id": 115,
    "save_date": "2024-09-17",
    "payment_date": "2024-09-06",
    "payer": "1",
    "shop": "Społem",
    "transaction_type": "expense",
    "items": [
      {
        "id": 255,
        "save_date": "2024-09-17",
        "category": "food_drinks",
        "value": "3.99",
        "description": "Oshee",
        "quantity": "1",
        "owner": "1"
      }
    ]
  },
  {
    "id": 116,
    "save_date": "2024-09-17",
    "payment_date": "2024-09-06",
    "payer": "1",
    "shop": "PGNIG",
    "transaction_type": "expense",
    "items": [
      {
        "id": 256,
        "save_date": "2024-09-17",
        "category": "flat_bills",
        "value": "76.33",
        "description": "Gaz",
        "quantity": "1",
        "owner": "99"
      }
    ]
  },
  {
    "id": 95,
    "save_date": "2024-09-17",
    "payment_date": "2024-09-07",
    "payer": "1",
    "shop": "Lewiatan",
    "transaction_type": "expense",
    "items": [
      {
        "id": 197,
        "save_date": "2024-09-17",
        "category": "food_drinks",
        "value": "1.42",
        "description": "Ziemniaki 0,712kg",
        "quantity": "1",
        "owner": "1"
      },
      {
        "id": 198,
        "save_date": "2024-09-17",
        "category": "food_drinks",
        "value": "7.37",
        "description": "Porcja rosołowa 1,678kg",
        "quantity": "1",
        "owner": "99"
      },
      {
        "id": 199,
        "save_date": "2024-09-17",
        "category": "food_drinks",
        "value": "2.79",
        "description": "Seler 0,31kg",
        "quantity": "1",
        "owner": "99"
      }
    ]
  },
  {
    "id": 96,
    "save_date": "2024-09-17",
    "payment_date": "2024-09-07",
    "payer": "1",
    "shop": "Lodomania",
    "transaction_type": "expense",
    "items": [
      {
        "id": 200,
        "save_date": "2024-09-17",
        "category": "food_drinks",
        "value": "15.00",
        "description": "Lodziki",
        "quantity": "2",
        "owner": "1"
      }
    ]
  },
  {
    "id": 113,
    "save_date": "2024-09-17",
    "payment_date": "2024-09-07",
    "payer": "2",
    "shop": "Pepco",
    "transaction_type": "expense",
    "items": [
      {
        "id": 251,
        "save_date": "2024-09-17",
        "category": "other_shopping",
        "value": "10.00",
        "description": "2 pack brazyliany majtki",
        "quantity": "1",
        "owner": "2"
      },
      {
        "id": 252,
        "save_date": "2024-09-17",
        "category": "other_shopping",
        "value": "10.00",
        "description": "2 pack damskie szorty",
        "quantity": "1",
        "owner": "2"
      },
      {
        "id": 253,
        "save_date": "2024-09-17",
        "category": "other_shopping",
        "value": "10.00",
        "description": "Dzbanek na kompot",
        "quantity": "1",
        "owner": "99"
      }
    ]
  },
  {
    "id": 121,
    "save_date": "2024-09-17",
    "payment_date": "2024-09-07",
    "payer": "1",
    "shop": "Revolut",
    "transaction_type": "expense",
    "items": [
      {
        "id": 266,
        "save_date": "2024-09-17",
        "category": "investments_savings",
        "value": "1000.00",
        "description": "Lokata",
        "quantity": "1",
        "owner": "1"
      }
    ]
  },
  {
    "id": 114,
    "save_date": "2024-09-17",
    "payment_date": "2024-09-08",
    "payer": "1",
    "shop": "KFC",
    "transaction_type": "expense",
    "items": [
      {
        "id": 254,
        "save_date": "2024-09-17",
        "category": "fastfood",
        "value": "37.00",
        "description": "KFC po siłce",
        "quantity": "1",
        "owner": "99"
      }
    ]
  },
  {
    "id": 118,
    "save_date": "2024-09-17",
    "payment_date": "2024-09-08",
    "payer": "1",
    "shop": "Lajkonik",
    "transaction_type": "expense",
    "items": [
      {
        "id": 258,
        "save_date": "2024-09-17",
        "category": "food_drinks",
        "value": "37.05",
        "description": "Lajkonik Bielsko - Kraków - Bielsko",
        "quantity": "1",
        "owner": "1"
      }
    ]
  },
  {
    "id": 84,
    "save_date": "2024-09-17",
    "payment_date": "2024-09-09",
    "payer": "1",
    "shop": "McDonald",
    "transaction_type": "expense",
    "items": [
      {
        "id": 168,
        "save_date": "2024-09-17",
        "category": "fastfood",
        "value": "16.90",
        "description": "Big Mac + frytki",
        "quantity": "1",
        "owner": "1"
      }
    ]
  },
  {
    "id": 85,
    "save_date": "2024-09-17",
    "payment_date": "2024-09-09",
    "payer": "1",
    "shop": "Żabka",
    "transaction_type": "expense",
    "items": [
      {
        "id": 169,
        "save_date": "2024-09-17",
        "category": "food_drinks",
        "value": "9.98",
        "description": "Monsterki",
        "quantity": "2",
        "owner": "1"
      }
    ]
  },
  {
    "id": 86,
    "save_date": "2024-09-17",
    "payment_date": "2024-09-09",
    "payer": "1",
    "shop": "Betlejem",
    "transaction_type": "expense",
    "items": [
      {
        "id": 170,
        "save_date": "2024-09-17",
        "category": "food_drinks",
        "value": "9.80",
        "description": "Chleb 1kg",
        "quantity": "1",
        "owner": "99"
      }
    ]
  },
  {
    "id": 111,
    "save_date": "2024-09-17",
    "payment_date": "2024-09-09",
    "payer": "1",
    "shop": "Copylandia",
    "transaction_type": "expense",
    "items": [
      {
        "id": 232,
        "save_date": "2024-09-17",
        "category": "other_shopping",
        "value": "1.00",
        "description": "Wydruk papierów praktyki",
        "quantity": "1",
        "owner": "1"
      }
    ]
  },
  {
    "id": 107,
    "save_date": "2024-09-17",
    "payment_date": "2024-09-10",
    "payer": "1",
    "shop": "Lewiatan",
    "transaction_type": "expense",
    "items": [
      {
        "id": 227,
        "save_date": "2024-09-17",
        "category": "food_drinks",
        "value": "1.71",
        "description": "Ziemniaki 0,86kg",
        "quantity": "1",
        "owner": "99"
      },
      {
        "id": 228,
        "save_date": "2024-09-17",
        "category": "food_drinks",
        "value": "8.38",
        "description": "Łopatka wieprzowa 0,524kg",
        "quantity": "1",
        "owner": "1"
      }
    ]
  },
  {
    "id": 109,
    "save_date": "2024-09-17",
    "payment_date": "2024-09-10",
    "payer": "1",
    "shop": "Allegro",
    "transaction_type": "expense",
    "items": [
      {
        "id": 230,
        "save_date": "2024-09-17",
        "category": "other_cyclical_expenses",
        "value": "49.99",
        "description": "Allegro smart student",
        "quantity": "1",
        "owner": "1"
      }
    ]
  },
  {
    "id": 112,
    "save_date": "2024-09-17",
    "payment_date": "2024-09-10",
    "payer": "1",
    "shop": "Biedronka",
    "transaction_type": "expense",
    "items": [
      {
        "id": 233,
        "save_date": "2024-09-17",
        "category": "food_drinks",
        "value": "3.45",
        "description": "Riviva multiwitamina 1l",
        "quantity": "1",
        "owner": "99"
      },
      {
        "id": 234,
        "save_date": "2024-09-17",
        "category": "food_drinks",
        "value": "8.98",
        "description": "Cola 1l",
        "quantity": "2",
        "owner": "99"
      },
      {
        "id": 235,
        "save_date": "2024-09-17",
        "category": "food_drinks",
        "value": "4.58",
        "description": "Baitz 60g",
        "quantity": "3",
        "owner": "99"
      },
      {
        "id": 236,
        "save_date": "2024-09-17",
        "category": "food_drinks",
        "value": "0.99",
        "description": "Jogurt naturalny",
        "quantity": "1",
        "owner": "99"
      },
      {
        "id": 237,
        "save_date": "2024-09-17",
        "category": "food_drinks",
        "value": "4.69",
        "description": "Serek kanapkowy delikate 200g",
        "quantity": "1",
        "owner": "99"
      },
      {
        "id": 238,
        "save_date": "2024-09-17",
        "category": "food_drinks",
        "value": "4.99",
        "description": "Parówki naturalne kraina wędlin 250g",
        "quantity": "1",
        "owner": "1"
      },
      {
        "id": 239,
        "save_date": "2024-09-17",
        "category": "food_drinks",
        "value": "3.99",
        "description": "Mix sałat 2x50g",
        "quantity": "1",
        "owner": "99"
      },
      {
        "id": 240,
        "save_date": "2024-09-17",
        "category": "food_drinks",
        "value": "4.69",
        "description": "Kabanosy tarczyńskie",
        "quantity": "2",
        "owner": "99"
      },
      {
        "id": 241,
        "save_date": "2024-09-17",
        "category": "food_drinks",
        "value": "2.98",
        "description": "Danio z czekoladą 130g",
        "quantity": "2",
        "owner": "1"
      },
      {
        "id": 242,
        "save_date": "2024-09-17",
        "category": "food_drinks",
        "value": "2.98",
        "description": "Danio waniliowe 130g",
        "quantity": "2",
        "owner": "1"
      },
      {
        "id": 243,
        "save_date": "2024-09-17",
        "category": "food_drinks",
        "value": "2.10",
        "description": "Banany 0,42kg",
        "quantity": "1",
        "owner": "99"
      },
      {
        "id": 244,
        "save_date": "2024-09-17",
        "category": "food_drinks",
        "value": "1.00",
        "description": "Marchewka 0,25kg",
        "quantity": "1",
        "owner": "99"
      },
      {
        "id": 245,
        "save_date": "2024-09-17",
        "category": "food_drinks",
        "value": "3.44",
        "description": "Pietruszka 0,265kg",
        "quantity": "1",
        "owner": "99"
      },
      {
        "id": 246,
        "save_date": "2024-09-17",
        "category": "food_drinks",
        "value": "4.49",
        "description": "Sos Boloński 520g",
        "quantity": "1",
        "owner": "99"
      },
      {
        "id": 247,
        "save_date": "2024-09-17",
        "category": "food_drinks",
        "value": "4.49",
        "description": "Sos słodko kwaśny 520g",
        "quantity": "1",
        "owner": "99"
      }
    ]
  },
  {
    "id": 108,
    "save_date": "2024-09-17",
    "payment_date": "2024-09-11",
    "payer": "1",
    "shop": "Betlejem",
    "transaction_type": "expense",
    "items": [
      {
        "id": 229,
        "save_date": "2024-09-17",
        "category": "food_drinks",
        "value": "9.80",
        "description": "Chleb 1kg",
        "quantity": "1",
        "owner": "1"
      }
    ]
  },
  {
    "id": 110,
    "save_date": "2024-09-17",
    "payment_date": "2024-09-11",
    "payer": "1",
    "shop": "Lewiatan",
    "transaction_type": "expense",
    "items": [
      {
        "id": 231,
        "save_date": "2024-09-17",
        "category": "food_drinks",
        "value": "10.00",
        "description": "Szynka boczek 0,2kg",
        "quantity": "1",
        "owner": "99"
      }
    ]
  },
  {
    "id": 106,
    "save_date": "2024-09-17",
    "payment_date": "2024-09-12",
    "payer": "1",
    "shop": "Kaufland",
    "transaction_type": "expense",
    "items": [
      {
        "id": 215,
        "save_date": "2024-09-17",
        "category": "food_drinks",
        "value": "5.60",
        "description": "Smalczyk tofu",
        "quantity": "1",
        "owner": "1"
      },
      {
        "id": 216,
        "save_date": "2024-09-17",
        "category": "food_drinks",
        "value": "9.16",
        "description": "Muller jogurt Mix 130g",
        "quantity": "4",
        "owner": "99"
      },
      {
        "id": 217,
        "save_date": "2024-09-17",
        "category": "food_drinks",
        "value": "4.58",
        "description": "Muller jogurt Mix Tripple 130g",
        "quantity": "2",
        "owner": "99"
      },
      {
        "id": 218,
        "save_date": "2024-09-17",
        "category": "food_drinks",
        "value": "3.86",
        "description": "Śmietana 18% 400g",
        "quantity": "1",
        "owner": "99"
      },
      {
        "id": 219,
        "save_date": "2024-09-17",
        "category": "food_drinks",
        "value": "2.99",
        "description": "Mozarella 125g",
        "quantity": "1",
        "owner": "99"
      },
      {
        "id": 220,
        "save_date": "2024-09-17",
        "category": "food_drinks",
        "value": "3.99",
        "description": "Twaróg półtłusty 275g",
        "quantity": "1",
        "owner": "99"
      },
      {
        "id": 221,
        "save_date": "2024-09-17",
        "category": "food_drinks",
        "value": "3.49",
        "description": "Herbata zielona 25x1,75g",
        "quantity": "1",
        "owner": "2"
      },
      {
        "id": 222,
        "save_date": "2024-09-17",
        "category": "food_drinks",
        "value": "11.99",
        "description": "Herbata zielona liściasta Dilmah 100g",
        "quantity": "1",
        "owner": "99"
      },
      {
        "id": 223,
        "save_date": "2024-09-17",
        "category": "food_drinks",
        "value": "13.59",
        "description": "MK Cafe Premium 250g",
        "quantity": "1",
        "owner": "1"
      },
      {
        "id": 224,
        "save_date": "2024-09-17",
        "category": "food_drinks",
        "value": "1.80",
        "description": "Rzodkiewka pęczek",
        "quantity": "2",
        "owner": "99"
      },
      {
        "id": 225,
        "save_date": "2024-09-17",
        "category": "food_drinks",
        "value": "6.49",
        "description": "Mieszanka studencka 200g",
        "quantity": "1",
        "owner": "99"
      },
      {
        "id": 226,
        "save_date": "2024-09-17",
        "category": "food_drinks",
        "value": "6.99",
        "description": "Parówki z fileta z kurczaka tarczyński 180g",
        "quantity": "1",
        "owner": "2"
      }
    ]
  },
  {
    "id": 105,
    "save_date": "2024-09-17",
    "payment_date": "2024-09-13",
    "payer": "1",
    "shop": "Lewiatan",
    "transaction_type": "expense",
    "items": [
      {
        "id": 214,
        "save_date": "2024-09-17",
        "category": "food_drinks",
        "value": "3.64",
        "description": "Pieczarki 0,26kg",
        "quantity": "1",
        "owner": "1"
      }
    ]
  },
  {
    "id": 97,
    "save_date": "2024-09-17",
    "payment_date": "2024-09-14",
    "payer": "2",
    "shop": "Rossmann",
    "transaction_type": "expense",
    "items": [
      {
        "id": 201,
        "save_date": "2024-09-17",
        "category": "food_drinks",
        "value": "4.99",
        "description": "Pasta do zębów",
        "quantity": "1",
        "owner": "1"
      }
    ]
  },
  {
    "id": 100,
    "save_date": "2024-09-17",
    "payment_date": "2024-09-14",
    "payer": "2",
    "shop": "Kaufland",
    "transaction_type": "expense",
    "items": [
      {
        "id": 206,
        "save_date": "2024-09-17",
        "category": "food_drinks",
        "value": "3.98",
        "description": "Bagietka",
        "quantity": "1",
        "owner": "1"
      }
    ]
  },
  {
    "id": 101,
    "save_date": "2024-09-17",
    "payment_date": "2024-09-14",
    "payer": "1",
    "shop": "Biedronka",
    "transaction_type": "expense",
    "items": [
      {
        "id": 207,
        "save_date": "2024-09-17",
        "category": "food_drinks",
        "value": "5.75",
        "description": "Cebulka prażona",
        "quantity": "1",
        "owner": "1"
      },
      {
        "id": 208,
        "save_date": "2024-09-17",
        "category": "food_drinks",
        "value": "3.85",
        "description": "Bagietka czosnkowa",
        "quantity": "1",
        "owner": "1"
      },
      {
        "id": 209,
        "save_date": "2024-09-17",
        "category": "food_drinks",
        "value": "3.45",
        "description": "Banany",
        "quantity": "1",
        "owner": "99"
      }
    ]
  },
  {
    "id": 102,
    "save_date": "2024-09-17",
    "payment_date": "2024-09-14",
    "payer": "1",
    "shop": "Decathlon",
    "transaction_type": "expense",
    "items": [
      {
        "id": 210,
        "save_date": "2024-09-17",
        "category": "clothes",
        "value": "39.99",
        "description": "Koszulka slim gym",
        "quantity": "1",
        "owner": "1"
      },
      {
        "id": 211,
        "save_date": "2024-09-17",
        "category": "clothes",
        "value": "19.99",
        "description": "Ręcznik na siłownie",
        "quantity": "1",
        "owner": "1"
      }
    ]
  },
  {
    "id": 104,
    "save_date": "2024-09-17",
    "payment_date": "2024-09-14",
    "payer": "1",
    "shop": "Biedronka",
    "transaction_type": "expense",
    "items": [
      {
        "id": 213,
        "save_date": "2024-09-17",
        "category": "food_drinks",
        "value": "3.19",
        "description": "Szpinak",
        "quantity": "1",
        "owner": "99"
      }
    ]
  },
  {
    "id": 122,
    "save_date": "2024-09-17",
    "payment_date": "2024-09-14",
    "payer": "1",
    "shop": "Revolut",
    "transaction_type": "expense",
    "items": []
  },
  {
    "id": 103,
    "save_date": "2024-09-17",
    "payment_date": "2024-09-15",
    "payer": "1",
    "shop": "SM Logistics",
    "transaction_type": "expense",
    "items": [
      {
        "id": 212,
        "save_date": "2024-09-17",
        "category": "fuel",
        "value": "200.00",
        "description": "Paliwo",
        "quantity": "0",
        "owner": "1"
      }
    ]
  },
  {
    "id": 81,
    "save_date": "2024-09-16",
    "payment_date": "2024-09-16",
    "payer": "1",
    "shop": "test",
    "transaction_type": "expense",
    "items": [
      {
        "id": 162,
        "save_date": "2024-09-16",
        "category": "food_drinks",
        "value": "1.00",
        "description": "test",
        "quantity": "1",
        "owner": "99"
      }
    ]
  },
  {
    "id": 82,
    "save_date": "2024-09-17",
    "payment_date": "2024-09-16",
    "payer": "2",
    "shop": "Pepco",
    "transaction_type": "expense",
    "items": [
      {
        "id": 163,
        "save_date": "2024-09-17",
        "category": "other_shopping",
        "value": "3.50",
        "description": "Spinacze",
        "quantity": "1",
        "owner": "99"
      },
      {
        "id": 164,
        "save_date": "2024-09-17",
        "category": "other_shopping",
        "value": "10.00",
        "description": "Pojemnik na przyprawy",
        "quantity": "1",
        "owner": "99"
      }
    ]
  },
  {
    "id": 98,
    "save_date": "2024-09-17",
    "payment_date": "2024-09-16",
    "payer": "1",
    "shop": "Biedronka",
    "transaction_type": "expense",
    "items": [
      {
        "id": 202,
        "save_date": "2024-09-17",
        "category": "food_drinks",
        "value": "7.49",
        "description": "Masło",
        "quantity": "2",
        "owner": "1"
      }
    ]
  },
  {
    "id": 99,
    "save_date": "2024-09-17",
    "payment_date": "2024-09-16",
    "payer": "1",
    "shop": "Biedronka",
    "transaction_type": "expense",
    "items": [
      {
        "id": 203,
        "save_date": "2024-09-17",
        "category": "food_drinks",
        "value": "7.49",
        "description": "Masło",
        "quantity": "2",
        "owner": "1"
      },
      {
        "id": 204,
        "save_date": "2024-09-17",
        "category": "food_drinks",
        "value": "12.18",
        "description": "Łopatka wieprzowa 1,355kg",
        "quantity": "1",
        "owner": "99"
      },
      {
        "id": 205,
        "save_date": "2024-09-17",
        "category": "food_drinks",
        "value": "9.09",
        "description": "Parówki tarczyński",
        "quantity": "2",
        "owner": "99"
      }
    ]
  },
  {
    "id": 123,
    "save_date": "2024-09-17",
    "payment_date": "2024-09-16",
    "payer": "1",
    "shop": "",
    "transaction_type": "income",
    "items": [
      {
        "id": 268,
        "save_date": "2024-09-17",
        "category": "for_study",
        "value": "1500.00",
        "description": "Na studia",
        "quantity": "1",
        "owner": "1"
      }
    ]
  },
  {
    "id": 124,
    "save_date": "2024-09-17",
    "payment_date": "2024-09-16",
    "payer": "1",
    "shop": "Akcje",
    "transaction_type": "expense",
    "items": [
      {
        "id": 269,
        "save_date": "2024-09-17",
        "category": "investments_savings",
        "value": "300.00",
        "description": "WiG20",
        "quantity": "1",
        "owner": "1"
      },
      {
        "id": 270,
        "save_date": "2024-09-17",
        "category": "investments_savings",
        "value": "300.00",
        "description": "Emerytura 2070",
        "quantity": "1",
        "owner": "1"
      }
    ]
  },
  {
    "id": 125,
    "save_date": "2024-09-17",
    "payment_date": "2024-09-16",
    "payer": "1",
    "shop": "Revolut",
    "transaction_type": "expense",
    "items": [
      {
        "id": 271,
        "save_date": "2024-09-17",
        "category": "investments_savings",
        "value": "1000.00",
        "description": "Lokata",
        "quantity": "1",
        "owner": "1"
      }
    ]
  },
  {
    "id": 126,
    "save_date": "2024-09-17",
    "payment_date": "2024-09-17",
    "payer": "1",
    "shop": "",
    "transaction_type": "income",
    "items": [
      {
        "id": 273,
        "save_date": "2024-09-17",
        "category": "money_back",
        "value": "1.00",
        "description": "chuj",
        "quantity": "0",
        "owner": "1"
      }
    ]
  },
  {
    "id": 128,
    "save_date": "2024-09-19",
    "payment_date": "2024-10-19",
    "payer": "1",
    "shop": "",
    "transaction_type": "expense",
    "items": [
      {
        "id": 277,
        "save_date": "2024-09-19",
        "category": "food_drinks",
        "value": "1.00",
        "description": "asd1",
        "quantity": "1",
        "owner": "1"
      },
      {
        "id": 278,
        "save_date": "2024-09-19",
        "category": "food_drinks",
        "value": "2.00",
        "description": "asd2",
        "quantity": "1",
        "owner": "2"
      },
      {
        "id": 279,
        "save_date": "2024-09-19",
        "category": "food_drinks",
        "value": "3.00",
        "description": "asd3",
        "quantity": "1",
        "owner": "99"
      }
    ]
  },
  {
    "id": 129,
    "save_date": "2024-09-19",
    "payment_date": "2024-10-19",
    "payer": "1",
    "shop": "",
    "transaction_type": "expense",
    "items": [
      {
        "id": 280,
        "save_date": "2024-09-19",
        "category": "food_drinks",
        "value": "1.00",
        "description": "asd1",
        "quantity": "1",
        "owner": "1"
      },
      {
        "id": 281,
        "save_date": "2024-09-19",
        "category": "food_drinks",
        "value": "2.00",
        "description": "asd2",
        "quantity": "1",
        "owner": "2"
      },
      {
        "id": 282,
        "save_date": "2024-09-19",
        "category": "food_drinks",
        "value": "3.00",
        "description": "asd3",
        "quantity": "1",
        "owner": "99"
      }
    ]
  },
  {
    "id": 130,
    "save_date": "2024-09-19",
    "payment_date": "2024-10-19",
    "payer": "2",
    "shop": "",
    "transaction_type": "expense",
    "items": [
      {
        "id": 283,
        "save_date": "2024-09-19",
        "category": "food_drinks",
        "value": "1.00",
        "description": "asd1",
        "quantity": "1",
        "owner": "1"
      },
      {
        "id": 284,
        "save_date": "2024-09-19",
        "category": "food_drinks",
        "value": "2.00",
        "description": "asd2",
        "quantity": "1",
        "owner": "2"
      },
      {
        "id": 285,
        "save_date": "2024-09-19",
        "category": "food_drinks",
        "value": "3.00",
        "description": "asd3",
        "quantity": "1",
        "owner": "99"
      }
    ]
  }
]